1;2016-08-19 16:00:00;2016-08-19 17:00:00
2;2016-08-19 20:00:00;2016-08-19 21:00:00
3;2016-08-20 16:00:00;2016-08-20 17:00:00
4;2016-08-20 20:00:00;2016-08-20 21:00:00
5;2016-08-19 16:00:00;2016-08-19 17:00:00
6;2016-08-19 20:00:00;2016-08-19 21:00:00
7;2016-08-20 16:00:00;2016-08-20 17:00:00
8;2016-08-20 20:00:00;2016-08-20 21:00:00
9;2016-08-19 16:00:00;2016-08-19 17:00:00
10;2016-08-19 20:00:00;2016-08-19 21:00:00
11;2016-08-20 16:00:00;2016-08-20 17:00:00
12;2016-08-20 20:00:00;2016-08-20 21:00:00
13;2016-08-19 16:00:00;2016-08-19 17:00:00
14;2016-08-19 20:00:00;2016-08-19 21:00:00
15;2016-08-20 16:00:00;2016-08-20 17:00:00
16;2016-08-20 20:00:00;2016-08-20 21:00:00
17;2016-08-19 16:00:00;2016-08-19 17:00:00
18;2016-08-19 20:00:00;2016-08-19 21:00:00
19;2016-08-20 16:00:00;2016-08-20 17:00:00
20;2016-08-20 20:00:00;2016-08-20 21:00:00
21;2016-08-19 16:00:00;2016-08-19 17:00:00
22;2016-08-19 20:00:00;2016-08-19 21:00:00
23;2016-08-20 16:00:00;2016-08-20 17:00:00
24;2016-08-20 20:00:00;2016-08-20 21:00:00
25;2016-08-19 16:00:00;2016-08-19 17:00:00
26;2016-08-19 20:00:00;2016-08-19 21:00:00
27;2016-08-20 16:00:00;2016-08-20 17:00:00
28;2016-08-20 20:00:00;2016-08-20 21:00:00
29;2016-08-19 16:00:00;2016-08-19 17:00:00
30;2016-08-19 20:00:00;2016-08-19 21:00:00
31;2016-08-20 16:00:00;2016-08-20 17:00:00
32;2016-08-20 20:00:00;2016-08-20 21:00:00
33;2016-08-19 16:00:00;2016-08-19 17:00:00
34;2016-08-19 20:00:00;2016-08-19 21:00:00
35;2016-08-20 16:00:00;2016-08-20 17:00:00
36;2016-08-20 20:00:00;2016-08-20 21:00:00
37;2016-08-19 16:00:00;2016-08-19 17:00:00
38;2016-08-19 20:00:00;2016-08-19 21:00:00
39;2016-08-20 16:00:00;2016-08-20 17:00:00
40;2016-08-20 20:00:00;2016-08-20 21:00:00
41;2016-08-19 16:00:00;2016-08-19 17:00:00
42;2016-08-19 20:00:00;2016-08-19 21:00:00
43;2016-08-20 16:00:00;2016-08-20 17:00:00
44;2016-08-20 20:00:00;2016-08-20 21:00:00
45;2016-08-19 16:00:00;2016-08-19 17:00:00
46;2016-08-19 20:00:00;2016-08-19 21:00:00
47;2016-08-20 16:00:00;2016-08-20 17:00:00
48;2016-08-20 20:00:00;2016-08-20 21:00:00
49;2016-08-19 16:00:00;2016-08-19 17:00:00
50;2016-08-19 20:00:00;2016-08-19 21:00:00
51;2016-08-20 16:00:00;2016-08-20 17:00:00
52;2016-08-20 20:00:00;2016-08-20 21:00:00
53;2016-08-19 16:00:00;2016-08-19 17:00:00
54;2016-08-19 20:00:00;2016-08-19 21:00:00
55;2016-08-20 16:00:00;2016-08-20 17:00:00
56;2016-08-20 20:00:00;2016-08-20 21:00:00
57;2016-08-19 16:00:00;2016-08-19 17:00:00
58;2016-08-19 20:00:00;2016-08-19 21:00:00
59;2016-08-20 16:00:00;2016-08-20 17:00:00
60;2016-08-20 20:00:00;2016-08-20 21:00:00
